{"cameraMode":{"drawMode":0,"name":"Shaded","section":"Shading Mode"},"sceneLighting":true,"audioPlay":false,"sceneViewState":{"showFog":true,"showMaterialUpdate":false,"showSkybox":true,"showFlares":true,"showImageEffects":true,"showParticleSystems":true},"in2DMode":false,"pivot":{"x":-11.864309310913086,"y":5.336421489715576,"z":-8.047417640686036},"rotation":{"x":-0.14351114630699159,"y":-0.002377887489274144,"z":0.00034440902527421713,"w":-0.989645779132843},"size":36.64234924316406,"orthographic":false}