{"cameraMode":{"drawMode":0,"name":"Shaded","section":"Shading Mode"},"sceneLighting":true,"audioPlay":false,"sceneViewState":{"showFog":true,"showMaterialUpdate":false,"showSkybox":true,"showFlares":true,"showImageEffects":true,"showParticleSystems":true},"in2DMode":false,"pivot":{"x":-3.338479518890381,"y":-0.25785180926322939,"z":-1.8178904056549073},"rotation":{"x":0.00035970762837678194,"y":0.9996331930160523,"z":-0.020995575934648515,"w":0.0171072818338871},"size":1.045328140258789,"orthographic":true}