{"cameraMode":{"drawMode":0,"name":"Shaded","section":"Shading Mode"},"sceneLighting":false,"audioPlay":false,"sceneViewState":{"showFog":true,"showMaterialUpdate":false,"showSkybox":false,"showFlares":true,"showImageEffects":true,"showParticleSystems":true},"in2DMode":false,"pivot":{"x":-0.0165902990847826,"y":0.3346840441226959,"z":-0.03470457345247269},"rotation":{"x":-0.14533722400665284,"y":-0.7055083513259888,"z":0.151480570435524,"w":-0.6768965125083923},"size":22.0,"orthographic":true}