{"cameraMode":{"drawMode":0,"name":"Shaded","section":"Shading Mode"},"sceneLighting":false,"audioPlay":false,"sceneViewState":{"showFog":true,"showMaterialUpdate":false,"showSkybox":false,"showFlares":true,"showImageEffects":true,"showParticleSystems":true},"in2DMode":false,"pivot":{"x":14.329999923706055,"y":3.4200000762939455,"z":2.140000104904175},"rotation":{"x":0.2506372630596161,"y":0.2686353027820587,"z":-0.07261431217193604,"w":0.9272234439849854},"size":14.091606140136719,"orthographic":false}