{"cameraMode":{"drawMode":0,"name":"Shaded","section":"Shading Mode"},"sceneLighting":true,"audioPlay":false,"sceneViewState":{"showFog":true,"showMaterialUpdate":false,"showSkybox":true,"showFlares":true,"showImageEffects":true,"showParticleSystems":true},"in2DMode":false,"pivot":{"x":-3.926084518432617,"y":10.336673736572266,"z":7.76534366607666},"rotation":{"x":0.1070021316409111,"y":-0.5202339887619019,"z":0.06589911878108978,"w":0.8447273969650269},"size":27.58409881591797,"orthographic":false}