{"cameraMode":{"drawMode":0,"name":"Shaded","section":"Shading Mode"},"sceneLighting":false,"audioPlay":false,"sceneViewState":{"showFog":true,"showMaterialUpdate":false,"showSkybox":false,"showFlares":true,"showImageEffects":true,"showParticleSystems":true},"in2DMode":false,"pivot":{"x":2.0968093872070314,"y":-0.22544167935848237,"z":-1.3908147811889649},"rotation":{"x":-0.10629292577505112,"y":-0.01044031884521246,"z":0.0011161169968545437,"w":-0.9942795038223267},"size":15.938458442687989,"orthographic":false}