{"cameraMode":{"drawMode":0,"name":"Shaded","section":"Shading Mode"},"sceneLighting":true,"audioPlay":false,"sceneViewState":{"showFog":true,"showMaterialUpdate":false,"showSkybox":true,"showFlares":true,"showImageEffects":true,"showParticleSystems":true},"in2DMode":false,"pivot":{"x":-4.965166091918945,"y":-0.6423640251159668,"z":5.488277435302734},"rotation":{"x":0.02843373641371727,"y":0.3464885950088501,"z":-0.01048397645354271,"w":0.9375646114349365},"size":28.104280471801759,"orthographic":false}