{"cameraMode":{"drawMode":0,"name":"Shaded","section":"Shading Mode"},"sceneLighting":false,"audioPlay":false,"sceneViewState":{"showFog":true,"showMaterialUpdate":false,"showSkybox":false,"showFlares":true,"showImageEffects":true,"showParticleSystems":true},"in2DMode":false,"pivot":{"x":0.0019024908542633057,"y":0.31286412477493288,"z":-0.003321349620819092},"rotation":{"x":-0.16508181393146516,"y":0.06533555686473847,"z":-0.010960706509649754,"w":-0.9840524792671204},"size":2.8134605884552,"orthographic":false}