{"cameraMode":{"drawMode":0,"name":"Shaded","section":"Shading Mode"},"sceneLighting":false,"audioPlay":false,"sceneViewState":{"showFog":true,"showMaterialUpdate":false,"showSkybox":false,"showFlares":true,"showImageEffects":true,"showParticleSystems":true},"in2DMode":false,"pivot":{"x":0.05286687612533569,"y":0.7771239280700684,"z":0.005286693572998047},"rotation":{"x":0.00680164247751236,"y":0.42139822244644167,"z":0.00316063966602087,"w":-0.9068447351455689},"size":1.5252825021743775,"orthographic":true}