{"cameraMode":{"drawMode":0,"name":"Shaded","section":"Shading Mode"},"sceneLighting":true,"audioPlay":false,"sceneViewState":{"showFog":true,"showMaterialUpdate":false,"showSkybox":true,"showFlares":true,"showImageEffects":true,"showParticleSystems":true},"in2DMode":false,"pivot":{"x":1.6872742176055909,"y":-3.1956045627593996,"z":-5.029139995574951},"rotation":{"x":-0.03762366995215416,"y":0.2621919810771942,"z":-0.01023098360747099,"w":-0.9642277359962463},"size":2.094367742538452,"orthographic":true}