{"cameraMode":{"drawMode":0,"name":"Shaded","section":"Shading Mode"},"sceneLighting":false,"audioPlay":false,"sceneViewState":{"showFog":true,"showMaterialUpdate":false,"showSkybox":false,"showFlares":true,"showImageEffects":true,"showParticleSystems":true},"in2DMode":false,"pivot":{"x":-19.023000717163087,"y":-0.2919999957084656,"z":0.46609222888946535},"rotation":{"x":0.16490575671195985,"y":-0.24314843118190766,"z":0.04198789969086647,"w":0.9549461007118225},"size":1.8222191333770753,"orthographic":true}