{"cameraMode":{"drawMode":0,"name":"Shaded","section":"Shading Mode"},"sceneLighting":false,"audioPlay":false,"sceneViewState":{"showFog":true,"showMaterialUpdate":false,"showSkybox":false,"showFlares":true,"showImageEffects":true,"showParticleSystems":true},"in2DMode":false,"pivot":{"x":-24.809326171875,"y":-2.716552734375,"z":-13.0185546875},"rotation":{"x":-0.014994023367762566,"y":-0.026993589475750924,"z":-0.0004045406822115183,"w":0.9995231032371521},"size":4.719973087310791,"orthographic":true}