{"cameraMode":{"drawMode":0,"name":"Shaded","section":"Shading Mode"},"sceneLighting":false,"audioPlay":false,"sceneViewState":{"showFog":true,"showMaterialUpdate":false,"showSkybox":false,"showFlares":true,"showImageEffects":true,"showParticleSystems":true},"in2DMode":false,"pivot":{"x":0.0,"y":0.47337231040000918,"z":-5.960464477539063e-8},"rotation":{"x":0.18361853063106538,"y":0.08687018603086472,"z":-0.016292793676257135,"w":0.9790160655975342},"size":2.004499673843384,"orthographic":true}