{"cameraMode":{"drawMode":0,"name":"Shaded","section":"Shading Mode"},"sceneLighting":false,"audioPlay":false,"sceneViewState":{"showFog":true,"showMaterialUpdate":false,"showSkybox":false,"showFlares":true,"showImageEffects":true,"showParticleSystems":true},"in2DMode":false,"pivot":{"x":-20.98388671875,"y":-0.121917724609375,"z":-0.052001953125},"rotation":{"x":0.027974266558885576,"y":0.19042937457561494,"z":-0.005428716074675322,"w":0.9812872409820557},"size":2.247246742248535,"orthographic":true}