{"cameraMode":{"drawMode":0,"name":"Shaded","section":"Shading Mode"},"sceneLighting":false,"audioPlay":false,"sceneViewState":{"showFog":true,"showMaterialUpdate":false,"showSkybox":false,"showFlares":true,"showImageEffects":true,"showParticleSystems":true},"in2DMode":false,"pivot":{"x":5.960464477539063e-8,"y":0.3461449146270752,"z":-0.002274751663208008},"rotation":{"x":0.09846478700637818,"y":0.08646489679813385,"z":-0.008588097058236599,"w":0.991339921951294},"size":2.139150619506836,"orthographic":true}