{"cameraMode":{"drawMode":0,"name":"Shaded","section":"Shading Mode"},"sceneLighting":false,"audioPlay":false,"sceneViewState":{"showFog":true,"showMaterialUpdate":false,"showSkybox":false,"showFlares":true,"showImageEffects":true,"showParticleSystems":true},"in2DMode":false,"pivot":{"x":-19.783000946044923,"y":-0.31098872423171999,"z":0.5455603003501892},"rotation":{"x":0.027974266558885576,"y":0.19042937457561494,"z":-0.005428716074675322,"w":0.9812872409820557},"size":1.6474789381027222,"orthographic":true}