{"cameraMode":{"drawMode":0,"name":"Shaded","section":"Shading Mode"},"sceneLighting":false,"audioPlay":false,"sceneViewState":{"showFog":true,"showMaterialUpdate":false,"showSkybox":false,"showFlares":true,"showImageEffects":true,"showParticleSystems":true},"in2DMode":false,"pivot":{"x":2.9802322387695315e-8,"y":0.26588693261146548,"z":2.172208786010742},"rotation":{"x":0.3505792021751404,"y":0.5952655673027039,"z":-0.32249775528907778,"w":0.647107720375061},"size":1.5599309206008912,"orthographic":true}