{"cameraMode":{"drawMode":0,"name":"Shaded","section":"Shading Mode"},"sceneLighting":false,"audioPlay":false,"sceneViewState":{"showFog":true,"showMaterialUpdate":false,"showSkybox":false,"showFlares":true,"showImageEffects":true,"showParticleSystems":true},"in2DMode":false,"pivot":{"x":-25.196823120117189,"y":-2.5794119834899904,"z":-12.98479175567627},"rotation":{"x":0.07936497777700424,"y":-0.035878464579582217,"z":0.002858576364815235,"w":0.9961956143379211},"size":2.1039648056030275,"orthographic":true}