{"cameraMode":{"drawMode":0,"name":"Shaded","section":"Shading Mode"},"sceneLighting":false,"audioPlay":false,"sceneViewState":{"showFog":true,"showMaterialUpdate":false,"showSkybox":false,"showFlares":true,"showImageEffects":true,"showParticleSystems":true},"in2DMode":false,"pivot":{"x":0.0,"y":0.2842339277267456,"z":0.0019956231117248537},"rotation":{"x":0.12673889100551606,"y":0.30281615257263186,"z":-0.04066783934831619,"w":0.943708598613739},"size":1.6949331760406495,"orthographic":true}