{"cameraMode":{"drawMode":0,"name":"Shaded","section":"Shading Mode"},"sceneLighting":false,"audioPlay":false,"sceneViewState":{"showFog":true,"showMaterialUpdate":false,"showSkybox":false,"showFlares":true,"showImageEffects":true,"showParticleSystems":true},"in2DMode":false,"pivot":{"x":-0.040958598256111148,"y":0.3094278872013092,"z":1.0049339532852173},"rotation":{"x":0.02908964268863201,"y":-0.01619238220155239,"z":0.0004717961128335446,"w":0.9994456171989441},"size":0.7802080512046814,"orthographic":true}