{"cameraMode":{"drawMode":0,"name":"Shaded","section":"Shading Mode"},"sceneLighting":false,"audioPlay":false,"sceneViewState":{"showFog":true,"showMaterialUpdate":false,"showSkybox":false,"showFlares":true,"showImageEffects":true,"showParticleSystems":true},"in2DMode":false,"pivot":{"x":-18.16900062561035,"y":-0.4869549870491028,"z":0.6162562370300293},"rotation":{"x":0.04994760826230049,"y":0.30623388290405276,"z":-0.0160920899361372,"w":0.9505088329315186},"size":1.8639397621154786,"orthographic":true}