{"cameraMode":{"drawMode":0,"name":"Shaded","section":"Shading Mode"},"sceneLighting":false,"audioPlay":false,"sceneViewState":{"showFog":true,"showMaterialUpdate":false,"showSkybox":false,"showFlares":true,"showImageEffects":true,"showParticleSystems":true},"in2DMode":false,"pivot":{"x":0.0019024908542633057,"y":0.31286412477493288,"z":-0.003321349620819092},"rotation":{"x":0.2771508991718292,"y":0.08632858097553253,"z":-0.025011269375681878,"w":0.9566134214401245},"size":2.8134605884552,"orthographic":true}