{"cameraMode":{"drawMode":0,"name":"Shaded","section":"Shading Mode"},"sceneLighting":false,"audioPlay":false,"sceneViewState":{"showFog":true,"showMaterialUpdate":false,"showSkybox":false,"showFlares":true,"showImageEffects":true,"showParticleSystems":true},"in2DMode":false,"pivot":{"x":0.0,"y":0.7885164022445679,"z":-3.129243850708008e-7},"rotation":{"x":0.04994760826230049,"y":0.30623388290405276,"z":-0.0160920899361372,"w":0.9505088329315186},"size":3.121030807495117,"orthographic":true}