{"cameraMode":{"drawMode":0,"name":"Shaded","section":"Shading Mode"},"sceneLighting":false,"audioPlay":false,"sceneViewState":{"showFog":true,"showMaterialUpdate":false,"showSkybox":false,"showFlares":true,"showImageEffects":true,"showParticleSystems":true},"in2DMode":false,"pivot":{"x":2.9802322387695315e-8,"y":0.4420630931854248,"z":0.0},"rotation":{"x":-0.14570152759552003,"y":0.3477030396461487,"z":-0.05479121953248978,"w":-0.9245927333831787},"size":1.3218196630477906,"orthographic":true}