{"cameraMode":{"drawMode":0,"name":"Shaded","section":"Shading Mode"},"sceneLighting":false,"audioPlay":false,"sceneViewState":{"showFog":true,"showMaterialUpdate":false,"showSkybox":false,"showFlares":true,"showImageEffects":true,"showParticleSystems":true},"in2DMode":false,"pivot":{"x":-0.03339359164237976,"y":0.12466294318437576,"z":0.036886781454086307},"rotation":{"x":-0.12840776145458222,"y":-0.7041425704956055,"z":0.13184621930122376,"w":-0.6857925653457642},"size":0.43378669023513796,"orthographic":true}