{"cameraMode":{"drawMode":0,"name":"Shaded","section":"Shading Mode"},"sceneLighting":false,"audioPlay":false,"sceneViewState":{"showFog":true,"showMaterialUpdate":false,"showSkybox":false,"showFlares":true,"showImageEffects":true,"showParticleSystems":true},"in2DMode":false,"pivot":{"x":-0.0291748046875,"y":0.6922607421875,"z":0.1195068359375},"rotation":{"x":0.023400135338306428,"y":-0.9541279673576355,"z":0.07745397835969925,"w":0.28825870156288149},"size":1.229629635810852,"orthographic":true}