{"cameraMode":{"drawMode":0,"name":"Shaded","section":"Shading Mode"},"sceneLighting":false,"audioPlay":false,"sceneViewState":{"showFog":true,"showMaterialUpdate":false,"showSkybox":false,"showFlares":true,"showImageEffects":true,"showParticleSystems":true},"in2DMode":false,"pivot":{"x":-0.03983774781227112,"y":0.16319626569747926,"z":1.0049339532852173},"rotation":{"x":-0.22228847444057465,"y":-0.2645770311355591,"z":0.0628158375620842,"w":-0.9362910985946655},"size":0.4317447543144226,"orthographic":true}