{"cameraMode":{"drawMode":0,"name":"Shaded","section":"Shading Mode"},"sceneLighting":false,"audioPlay":false,"sceneViewState":{"showFog":true,"showMaterialUpdate":false,"showSkybox":false,"showFlares":true,"showImageEffects":true,"showParticleSystems":true},"in2DMode":false,"pivot":{"x":0.0,"y":0.22446903586387635,"z":2.172208786010742},"rotation":{"x":-0.15504606068134309,"y":-0.20003195106983186,"z":0.03207764774560928,"w":-0.9669121503829956},"size":0.6899014115333557,"orthographic":true}