{"cameraMode":{"drawMode":0,"name":"Shaded","section":"Shading Mode"},"sceneLighting":false,"audioPlay":false,"sceneViewState":{"showFog":true,"showMaterialUpdate":false,"showSkybox":false,"showFlares":true,"showImageEffects":true,"showParticleSystems":true},"in2DMode":false,"pivot":{"x":0.0,"y":0.6907010078430176,"z":0.03306981921195984},"rotation":{"x":0.017859719693660737,"y":0.12415853142738342,"z":-0.0022350947838276626,"w":0.9920991659164429},"size":1.2834566831588746,"orthographic":true}