{"cameraMode":{"drawMode":0,"name":"Shaded","section":"Shading Mode"},"sceneLighting":false,"audioPlay":false,"sceneViewState":{"showFog":true,"showMaterialUpdate":false,"showSkybox":false,"showFlares":true,"showImageEffects":true,"showParticleSystems":true},"in2DMode":false,"pivot":{"x":-0.0107421875,"y":0.68084716796875,"z":0.0009765625},"rotation":{"x":0.04004091024398804,"y":-0.5503131747245789,"z":0.02643728069961071,"w":0.8335786461830139},"size":2.0828845500946047,"orthographic":true}