{"cameraMode":{"drawMode":0,"name":"Shaded","section":"Shading Mode"},"sceneLighting":false,"audioPlay":false,"sceneViewState":{"showFog":true,"showMaterialUpdate":false,"showSkybox":false,"showFlares":true,"showImageEffects":true,"showParticleSystems":true},"in2DMode":false,"pivot":{"x":0.581692099571228,"y":3.083750009536743,"z":-1.1900418996810914},"rotation":{"x":-0.19393369555473329,"y":0.24939300119876862,"z":-0.05105042830109596,"w":-0.947410523891449},"size":4.707183361053467,"orthographic":false}