{"cameraMode":{"drawMode":0,"name":"Shaded","section":"Shading Mode"},"sceneLighting":false,"audioPlay":false,"sceneViewState":{"showFog":true,"showMaterialUpdate":false,"showSkybox":false,"showFlares":true,"showImageEffects":true,"showParticleSystems":true},"in2DMode":false,"pivot":{"x":-1.9203470945358277,"y":-3.404310464859009,"z":-5.267611980438232},"rotation":{"x":-0.12435483932495117,"y":-0.04552990570664406,"z":0.005712392274290323,"w":-0.9911762475967407},"size":22.0,"orthographic":false}