{"cameraMode":{"drawMode":0,"name":"Shaded","section":"Shading Mode"},"sceneLighting":false,"audioPlay":false,"sceneViewState":{"showFog":true,"showMaterialUpdate":false,"showSkybox":false,"showFlares":true,"showImageEffects":true,"showParticleSystems":true},"in2DMode":false,"pivot":{"x":0.16953319311141969,"y":-0.07572829723358154,"z":-0.2640068531036377},"rotation":{"x":0.052030254155397418,"y":-0.8992331624031067,"z":0.11145029962062836,"w":0.41982316970825198},"size":3.4069626331329347,"orthographic":false}