{"cameraMode":{"drawMode":0,"name":"Shaded","section":"Shading Mode"},"sceneLighting":false,"audioPlay":false,"sceneViewState":{"showFog":true,"showMaterialUpdate":false,"showSkybox":false,"showFlares":true,"showImageEffects":true,"showParticleSystems":true},"in2DMode":false,"pivot":{"x":14.329999923706055,"y":3.4200000762939455,"z":2.140000104904175},"rotation":{"x":0.10928129404783249,"y":0.00059800676535815,"z":-0.0000658119679428637,"w":0.9940106868743897},"size":8.032719612121582,"orthographic":true}