{"cameraMode":{"drawMode":0,"name":"Shaded","section":"Shading Mode"},"sceneLighting":false,"audioPlay":false,"sceneViewState":{"showFog":true,"showMaterialUpdate":false,"showSkybox":false,"showFlares":true,"showImageEffects":true,"showParticleSystems":true},"in2DMode":false,"pivot":{"x":0.010808169841766358,"y":0.3354685306549072,"z":0.09552040696144104},"rotation":{"x":0.19738070666790009,"y":0.2483585625886917,"z":-0.05176849663257599,"w":0.9469313621520996},"size":2.286607265472412,"orthographic":true}