{"cameraMode":{"drawMode":0,"name":"Shaded","section":"Shading Mode"},"sceneLighting":true,"audioPlay":false,"sceneViewState":{"showFog":true,"showMaterialUpdate":false,"showSkybox":true,"showFlares":true,"showImageEffects":true,"showParticleSystems":true},"in2DMode":false,"pivot":{"x":0.18191581964492799,"y":-1.371221661567688,"z":0.810546875},"rotation":{"x":0.06943394988775253,"y":0.5989245772361755,"z":-0.05223841965198517,"w":0.7960776090621948},"size":25.82775115966797,"orthographic":true}