{"cameraMode":{"drawMode":0,"name":"Shaded","section":"Shading Mode"},"sceneLighting":false,"audioPlay":false,"sceneViewState":{"showFog":true,"showMaterialUpdate":false,"showSkybox":false,"showFlares":true,"showImageEffects":true,"showParticleSystems":true},"in2DMode":false,"pivot":{"x":-2.2100000381469728,"y":-1.7400000095367432,"z":-1.0499999523162842},"rotation":{"x":-0.10785382241010666,"y":0.8476639986038208,"z":-0.1889393925666809,"w":-0.4838751256465912},"size":3.1838765144348146,"orthographic":false}