{"cameraMode":{"drawMode":0,"name":"Shaded","section":"Shading Mode"},"sceneLighting":false,"audioPlay":false,"sceneViewState":{"showFog":true,"showMaterialUpdate":false,"showSkybox":false,"showFlares":true,"showImageEffects":true,"showParticleSystems":true},"in2DMode":false,"pivot":{"x":1.8655157089233399,"y":-0.8771696090698242,"z":-1.0001206398010255},"rotation":{"x":-0.008591819554567337,"y":0.9910655617713928,"z":-0.10625992715358734,"w":-0.08015076816082001},"size":2.72721529006958,"orthographic":false}