{"cameraMode":{"drawMode":0,"name":"Shaded","section":"Shading Mode"},"sceneLighting":false,"audioPlay":false,"sceneViewState":{"showFog":true,"showMaterialUpdate":false,"showSkybox":false,"showFlares":true,"showImageEffects":true,"showParticleSystems":true},"in2DMode":false,"pivot":{"x":11.09000015258789,"y":2.880000114440918,"z":2.140000104904175},"rotation":{"x":-0.14824925363063813,"y":0.012458132579922676,"z":-0.0018675081664696336,"w":-0.988869845867157},"size":9.581282615661621,"orthographic":false}