{"cameraMode":{"drawMode":0,"name":"Shaded","section":"Shading Mode"},"sceneLighting":false,"audioPlay":false,"sceneViewState":{"showFog":true,"showMaterialUpdate":false,"showSkybox":false,"showFlares":true,"showImageEffects":true,"showParticleSystems":true},"in2DMode":false,"pivot":{"x":0.010808169841766358,"y":0.3354685306549072,"z":0.09552041441202164},"rotation":{"x":-0.04223209619522095,"y":0.9497289061546326,"z":-0.14675362408161164,"w":-0.2733035087585449},"size":1.9174613952636719,"orthographic":false}