{"cameraMode":{"drawMode":0,"name":"Shaded","section":"Shading Mode"},"sceneLighting":false,"audioPlay":false,"sceneViewState":{"showFog":true,"showMaterialUpdate":false,"showSkybox":false,"showFlares":true,"showImageEffects":true,"showParticleSystems":true},"in2DMode":false,"pivot":{"x":11.09000015258789,"y":2.880000114440918,"z":2.140000104904175},"rotation":{"x":0.1310209035873413,"y":-0.11571533977985382,"z":0.015412808395922184,"w":0.9844825863838196},"size":9.581282615661621,"orthographic":false}