{"cameraMode":{"drawMode":0,"name":"Shaded","section":"Shading Mode"},"sceneLighting":false,"audioPlay":false,"sceneViewState":{"showFog":true,"showMaterialUpdate":false,"showSkybox":false,"showFlares":true,"showImageEffects":true,"showParticleSystems":true},"in2DMode":false,"pivot":{"x":2.712554693222046,"y":0.6034636497497559,"z":0.1634807586669922},"rotation":{"x":0.1310209035873413,"y":-0.11571533977985382,"z":0.015412808395922184,"w":0.9844825863838196},"size":10.620077133178711,"orthographic":false}