{"cameraMode":{"drawMode":0,"name":"Shaded","section":"Shading Mode"},"sceneLighting":false,"audioPlay":false,"sceneViewState":{"showFog":true,"showMaterialUpdate":false,"showSkybox":false,"showFlares":true,"showImageEffects":true,"showParticleSystems":true},"in2DMode":false,"pivot":{"x":14.329999923706055,"y":3.4200000762939455,"z":2.140000104904175},"rotation":{"x":-0.045293666422367099,"y":0.0065899807959795,"z":-0.0003103296330664307,"w":-0.9989519715309143},"size":14.091606140136719,"orthographic":false}