{"cameraMode":{"drawMode":0,"name":"Shaded","section":"Shading Mode"},"sceneLighting":false,"audioPlay":false,"sceneViewState":{"showFog":true,"showMaterialUpdate":false,"showSkybox":false,"showFlares":true,"showImageEffects":true,"showParticleSystems":true},"in2DMode":false,"pivot":{"x":-0.005869746208190918,"y":0.6835271716117859,"z":0.01453903317451477},"rotation":{"x":0.10181131958961487,"y":0.014920487068593502,"z":-0.0015303855761885644,"w":0.9946907162666321},"size":2.6709814071655275,"orthographic":true}