{"cameraMode":{"drawMode":0,"name":"Shaded","section":"Shading Mode"},"sceneLighting":false,"audioPlay":false,"sceneViewState":{"showFog":true,"showMaterialUpdate":false,"showSkybox":false,"showFlares":true,"showImageEffects":true,"showParticleSystems":true},"in2DMode":false,"pivot":{"x":-0.4716796875,"y":2.0240936279296877,"z":0.5791015625},"rotation":{"x":-0.00048593079554848373,"y":-0.9994735717773438,"z":0.017992466688156129,"w":-0.02699245698750019},"size":8.00296401977539,"orthographic":true}