{"cameraMode":{"drawMode":0,"name":"Shaded","section":"Shading Mode"},"sceneLighting":false,"audioPlay":false,"sceneViewState":{"showFog":true,"showMaterialUpdate":false,"showSkybox":false,"showFlares":true,"showImageEffects":true,"showParticleSystems":true},"in2DMode":false,"pivot":{"x":0.0,"y":0.39425796270370486,"z":-2.2351741790771486e-8},"rotation":{"x":0.07196074724197388,"y":0.3357996344566345,"z":-0.025738919153809549,"w":0.9388278126716614},"size":3.542473793029785,"orthographic":true}