{"cameraMode":{"drawMode":0,"name":"Shaded","section":"Shading Mode"},"sceneLighting":false,"audioPlay":false,"sceneViewState":{"showFog":true,"showMaterialUpdate":false,"showSkybox":false,"showFlares":true,"showImageEffects":true,"showParticleSystems":true},"in2DMode":false,"pivot":{"x":0.0107421875,"y":0.5625457763671875,"z":0.0915374755859375},"rotation":{"x":0.006667192094027996,"y":0.6716721653938294,"z":-0.006045353598892689,"w":0.7407938241958618},"size":1.3222700357437134,"orthographic":true}