{"cameraMode":{"drawMode":0,"name":"Shaded","section":"Shading Mode"},"sceneLighting":false,"audioPlay":false,"sceneViewState":{"showFog":true,"showMaterialUpdate":false,"showSkybox":false,"showFlares":true,"showImageEffects":true,"showParticleSystems":true},"in2DMode":false,"pivot":{"x":-6.730906963348389,"y":0.6096001267433167,"z":1.5291298627853394},"rotation":{"x":-0.002579199615865946,"y":0.9952424764633179,"z":-0.09343789517879486,"w":-0.027475154027342798},"size":3.060889959335327,"orthographic":false}