{"cameraMode":{"drawMode":0,"name":"Shaded","section":"Shading Mode"},"sceneLighting":false,"audioPlay":false,"sceneViewState":{"showFog":true,"showMaterialUpdate":false,"showSkybox":false,"showFlares":true,"showImageEffects":true,"showParticleSystems":true},"in2DMode":false,"pivot":{"x":-0.21891455352306367,"y":0.6642926335334778,"z":0.03662109375},"rotation":{"x":-0.2757573425769806,"y":0.7055798172950745,"z":-0.35530945658683779,"w":-0.5476042032241821},"size":2.6144630908966066,"orthographic":true}